web_scraper_order,web_scraper_start_url,pagination,data,data2,data3,data4,data5,title,image,item_page_title,item_page_link,title_1,data_1,data_3,data_2,Keywords,Previous_Page,Next_Page,previous_page_title,next_page_title,project_update,project_description,data_5,product_overview,image_3,image_1,image_5,image_6
"1785828348-1","https://www.haitaik.com/newslist/11.html","https://www.haitaik.com/newslist/1800476754252349440-16-8.html","Chuanglian Power Supply 2018 National Day Holiday Notice","The golden autumn season, the National Day holiday is coming, thank you for your long-term trust and support to Chuanglian Power Supply! On the occasion of the coming of this festival, all the staff of chuanglian power supply wish you good health and abundant financial resources!","2018","30","09","/","https://omo-oss-image.thefastimg.com/portal-saas/pg2024041817493912440/cms/image/9d2733f3-83b0-4237-b69e-0df0b502a334.jpg","Chuanglian Power Supply 2018 National Day Holiday Notice","https://www.haitaik.com/news/1.html","Chuanglian Power Supply 2018 National Day Holiday Notice","Sep 30,2018","Sep 30,2018","Respected Chuanglian power customers:
The golden autumn season, the National Day holiday is coming, thank you for your long-term trust and support to Chuanglian Power Supply! On the occasion of the coming of this festival, all the staff of chuanglian power supply wish you good health and abundant financial resources!
According to the national regulations and the actual operation of the company, our company now has the following specific arrangements for the 2018 National Day holiday:
Holiday time: October 1, 2018 (Monday) to October 5, 2018 (5 days in total), October 6, 2018 (Saturday), October 7, 2018 (Sunday) normal work.
We hereby notify our customers, please know. During this period, the timeliness of logistics will be affected to varying degrees. We apologize for the inconvenience caused to you by the company's National Day holiday!
I wish you the National Day holiday in good health!
Changzhou Chuanglian Power Technology Co., Ltd.
September 30, 2018","","Previous Page

    
        
    Secretary General Dou Linping of China Lighting Society visited Chuanglian Power Supply for guidance","None
        

    
    Next Page","Secretary General Dou Linping of China Lighting Society visited Chuanglian Power Supply for guidance","None","","","Holiday time: October 1, 2018 (Monday) to October 5, 2018 (5 days in total), October 6, 2018 (Saturday), October 7, 2018 (Sunday) normal work.","We hereby notify our customers, please know. During this period, the timeliness of logistics will be affected to varying degrees. We apologize for the inconvenience caused to you by the company's National Day holiday!","https://omo-oss-image.thefastimg.com/portal-saas/pg2024041817493912440/cms/image/46609e54-7f7c-437a-9cc7-e344d82da0c6.jpg
https://omo-oss-image.thefastimg.com/portal-saas/pg2024041817493912440/cms/image/46609e54-7f7c-437a-9cc7-e344d82da0c6.jpg
https://omo-oss-image.thefastimg.com/portal-saas/pg2024041817493912440/cms/image/46609e54-7f7c-437a-9cc7-e344d82da0c6.jpg","https://www.haitaik.com/npublic/img/no-img.svg
https://www.haitaik.com/npublic/img/no-img.svg
https://www.haitaik.com/npublic/img/no-img.svg","",""
"1785828351-2","https://www.haitaik.com/newslist/11.html","https://www.haitaik.com/newslist/1800476754252349440-8-8.html","Secretary General Dou Linping of China Lighting Society visited Chuanglian Power Supply for guidance","On December 21, 2018, Secretary General Dou Linping of China Lighting Society visited Chuanglian Power Supply for guidance. Tang Jingxin, Chairman of Chuanglian Power Supply, and the company's management team warmly received and accompanied the visit.","2018","24","12","/","https://omo-oss-image.thefastimg.com/portal-saas/pg2024041817493912440/cms/image/858b7272-8738-4af1-ac58-c64d2f8c3b7c.jpg","Secretary General Dou Linping of China Lighting Society visited Chuanglian Power Supply for guidance","https://www.haitaik.com/news/2.html","Secretary General Dou Linping of China Lighting Society visited Chuanglian Power Supply for guidance","Dec 24,2018","Dec 24,2018","On December 21, 2018, Secretary General Dou Linping of China Lighting Society visited Chuanglian Power Supply for guidance. Tang Jingxin, Chairman of Chuanglian Power Supply, and the company's management team warmly received and accompanied the visit.
 

	
 
Secretary-General Dou Linping visited the cultural exhibition hall, production line and research and development center of Chuanglian Power Supply successively, learned about Chuanglian's research and development strength and production technology level on the spot, and inquired deeply about the product advantages and usage of Chuanglian Power Supply.
 

	
 
Chairman Tang Jingxin introduced the company's annual operating status and technical service operation mode to Secretary-General Dou Linping in detail, and described the future strategic development plan of Chuanglian Power. Chuanglian always adheres to innovation-driven, and strictly controls product quality. It has always been committed to creating a high quality LED drive power supply, and continuously creating a high-quality and efficient marketing system from the aspects of brand promotion, channel construction, product service, etc. Tang Dong also said that the rapid development of Chuanglian Power is inseparable from the support of industry leaders, and sincerely thanks the industry leaders for their love and trust in Chuanglian.
 

	
 
Secretary-General Dou Linping fully affirmed and praised Chuanglian Power's current achievements and the company's development momentum, congratulated the company on its achievements, and put forward a series of forward-looking suggestions. Secretary-General Dou expressed the hope that Chuanglian Power can continue to uphold the excellent product concept, maintain a strong momentum of development, and look forward to the future development of Chuanglian Power.","","Previous Page

    
        
    Chuanglian Power Supply Held 2018 5S Site Management Commendation Conference","Chuanglian Power Supply 2018 National Day Holiday Notice
        

    
    Next Page","Chuanglian Power Supply Held 2018 5S Site Management Commendation Conference","Chuanglian Power Supply 2018 National Day Holiday Notice","","","","Secretary-General Dou Linping visited the cultural exhibition hall, production line and research and development center of Chuanglian Power Supply successively, learned about Chuanglian's research and development strength and production technology level on the spot, and inquired deeply about the product advantages and usage of Chuanglian Power Supply.","https://omo-oss-image.thefastimg.com/portal-saas/pg2024041817493912440/cms/image/46609e54-7f7c-437a-9cc7-e344d82da0c6.jpg
https://omo-oss-image.thefastimg.com/portal-saas/pg2024041817493912440/cms/image/46609e54-7f7c-437a-9cc7-e344d82da0c6.jpg
https://omo-oss-image.thefastimg.com/portal-saas/pg2024041817493912440/cms/image/46609e54-7f7c-437a-9cc7-e344d82da0c6.jpg","https://www.haitaik.com/npublic/img/no-img.svg
https://www.haitaik.com/npublic/img/no-img.svg
https://www.haitaik.com/npublic/img/no-img.svg","",""
"1785828355-3","https://www.haitaik.com/newslist/11.html","https://www.haitaik.com/newslist/1800476754252349440-8-8.html","Chuanglian Power Supply Held 2018 5S Site Management Commendation Conference","In order to strengthen the company's standardized management and improve production efficiency, the company has implemented 5S work since September. With the high attention of the company's leaders and the joint efforts of various departments, it has achieved phased results through more than 4 months of persistence.","2019","02","01","/","https://omo-oss-image.thefastimg.com/portal-saas/pg2024041817493912440/cms/image/eb3b85d9-2c73-4a06-9ffe-2f8c403bc750.jpg","Chuanglian Power Supply Held 2018 5S Site Management Commendation Conference","https://www.haitaik.com/news/3.html","Chuanglian Power Supply Held 2018 5S Site Management Commendation Conference","Jan 02,2019","Jan 02,2019","In order to strengthen the company's standardized management and improve production efficiency, the company has implemented 5S work since September. With the high attention of the company's leaders and the joint efforts of various departments, it has achieved phased results through more than 4 months of persistence. At noon on December 29, 2018, executive vice president of chuanglian power supply, ding manfeng, together with expert Lu, leaders of various departments and award-winning personnel, held the 2018 5S on-site management commendation conference in the company's training room.
 

	
 
Teacher Lu, a consultant from Kehui, made wonderful comments on the overall results of the company's 5S. She said: 5S management has achieved a lot after more than 4 months of persistence, and has been significantly improved in terms of reasonable positioning, neat placement, and clear signs. At the same time, Mr. Lu suggested that we should find problems and improve them in time, eliminate all kinds of waste, improve production efficiency, and make 5S persistent.
 

	
 
Executive Vice President Ding Manfeng, consulting expert Lu and leaders of various departments commended the advanced collectives and individuals emerging in 5S management and awarded prizes. Ding congratulated the winners and encouraged everyone to play an exemplary and leading role in the follow-up production activities and continue to cultivate management.
 

	
 

	
 
Ding Zong delivered a summary speech in warm applause. Ding Zong highly agreed with the results of the 5S start-up phase, and requested to expand the 5S management mode from the production department to all departments of the company, requiring all employees to participate, the production workshop should actively share successful experiences, and the follow-up company should develop 5S normal management.","","Previous Page

    
        
    Chuanglian Power Supply invites you to 2019 Shenzhen International LED Exhibition (LED CHINA 2019)","Secretary General Dou Linping of China Lighting Society visited Chuanglian Power Supply for guidance
        

    
    Next Page","Chuanglian Power Supply invites you to 2019 Shenzhen International LED Exhibition (LED CHINA 2019)","Secretary General Dou Linping of China Lighting Society visited Chuanglian Power Supply for guidance","","","","Teacher Lu, a consultant from Kehui, made wonderful comments on the overall results of the company's 5S. She said: 5S management has achieved a lot after more than 4 months of persistence, and has been significantly improved in terms of reasonable positioning, neat placement, and clear signs. At the same time, Mr. Lu suggested that we should find problems and improve them in time, eliminate all kinds of waste, improve production efficiency, and make 5S persistent.","https://omo-oss-image.thefastimg.com/portal-saas/pg2024041817493912440/cms/image/46609e54-7f7c-437a-9cc7-e344d82da0c6.jpg","","",""
"1785828358-4","https://www.haitaik.com/newslist/11.html","https://www.haitaik.com/newslist/1800476754252349440-8-8.html","Chuanglian Power Supply invites you to 2019 Shenzhen International LED Exhibition (LED CHINA 2019)","From February 21 to 23, 2019, the world's most complete LED industry chain event-the 15th 2019 Shenzhen International LED Exhibition (LED CHINA 2019) will kick off at the Shenzhen Convention and Exhibition Center.","2019","22","01","/","https://omo-oss-image.thefastimg.com/portal-saas/pg2024041817493912440/cms/image/a979406c-384e-43b9-a00e-c5f0ae2a0a76.jpg","Chuanglian Power Supply invites you to 2019 Shenzhen International LED Exhibition (LED CHINA 2019)","https://www.haitaik.com/news/4.html","Chuanglian Power Supply invites you to 2019 Shenzhen International LED Exhibition (LED CHINA 2019)","Jan 22,2019","Jan 22,2019","From February 21 to 23, 2019, the world's most complete LED industry chain event-the 15th 2019 Shenzhen International LED Exhibition (LED CHINA 2019) will kick off at the Shenzhen Convention and Exhibition Center. 
 As a cutting-edge brand that has been concentrating on LED drive power technology, Chuanglian Power will bring several blockbuster products to its debut. At that time, we will invite you to experience the driving force of Chuanglian, which is closely related to the needs of users. 
 February 21-February 23, 2019 
 (Thursday to Saturday) 
 Shenzhen Convention and Exhibition Center (Fuhua 3rd Road, Futian District) 
 Hall 7 C01 
 Invite old and new friends to visit 
  Traffic Tips 
 A. Hong Kong Airport-Shenzhen Convention and Exhibition Centre 
 1. Hong Kong Airport-Kowloon Train-Lo Wu-MTR 
 Line 1-Shenzhen Convention and Exhibition Center. 
 2. Hong Kong Airport-Kowloon Train-Lok Ma Chau-Di 
 Iron Line 4-Shenzhen Convention and Exhibition Center. 
 3. Hong Kong Airport-Huanggang Port-Shenzhen Convention and Exhibition 
 Center (taxi $20). 
   
 B. Shenzhen Airport 
 1. Airport Shuttle Bus No. 9, you can go to the meeting 
 Get off at the exhibition center station and go straight to the exhibition center. 
 2. Airport Shuttle Bus No. 10-Gushu Subway Station 
 -Metro Line 1 directly to the Convention and Exhibition Center Station Exit D 
 Walk to the North Gate of the Convention and Exhibition Center. 
   
 C. Shenzhen train: 
 ★Shenzhen Station 
 Metro Line 1 or take the 337 bus 
 Convention and Exhibition Center. 
 ★Shenzhen West Railway Station 
 229 Road: West Railway Station-South of Convention and Exhibition Center- 
 Ningshui Garden. 
 353 Road: West Railway Station-South of Convention and Exhibition Center- 
 Longgang tongle terminus. 
 ★Shenzhen North Railway Station 
 Metro Line 4 goes directly to the Convention and Exhibition Center. 
   
 D. Bus 
 ★North Gate of Convention and Exhibition Center (Fuhua 3rd Road) 
 50 road, 60 road, 76 road, 80 road, 
 235, 374, 375, 379, 
 K578A Road 
 ★West Gate of Convention and Exhibition Center (Yitian Middle Road) 
 64, 71, 76, 80, 
 235 Road, 374 Road, K359 Road, 
 Road M223 
 ★East Gate of Convention and Exhibition Centre (Jintian Road) 
 Road 34, K113 
 ★South Gate of Convention and Exhibition Center (Binhe Road) 
 229 Road, 337 Road, 338 Road, 
 353 Road, 369 Road, 382 Road, 
 E13 Road, J1 Road, K358 Road 
   
 E. Other: 
 ★Exit D of Line 1 and Line 4, from 
 The north gate of the exhibition center enters the exhibition hall. 
 ★Line 1 or Line 3, Shopping Park Station D 
 Station entrance, enter the exhibition hall from the west gate of the exhibition center.","","Previous Page

    
        
    Good news! Chuanglian Power Won the Title of Star Enterprise of Changzhou City in 2018","Chuanglian Power Supply Held 2018 5S Site Management Commendation Conference
        

    
    Next Page","Good news! Chuanglian Power Won the Title of Star Enterprise of Changzhou City in 2018","Chuanglian Power Supply Held 2018 5S Site Management Commendation Conference","","","As a cutting-edge brand that has been concentrating on LED drive power technology, Chuanglian Power will bring several blockbuster products to its debut. At that time, we will invite you to experience the driving force of Chuanglian, which is closely related to the needs of users.","February 21-February 23, 2019","https://omo-oss-image.thefastimg.com/portal-saas/pg2024041817493912440/cms/image/46609e54-7f7c-437a-9cc7-e344d82da0c6.jpg
https://omo-oss-image.thefastimg.com/portal-saas/pg2024041817493912440/cms/image/46609e54-7f7c-437a-9cc7-e344d82da0c6.jpg
https://omo-oss-image.thefastimg.com/portal-saas/pg2024041817493912440/cms/image/46609e54-7f7c-437a-9cc7-e344d82da0c6.jpg","https://www.haitaik.com/npublic/img/no-img.svg
https://www.haitaik.com/npublic/img/no-img.svg
https://www.haitaik.com/npublic/img/no-img.svg","",""
"1785828361-5","https://www.haitaik.com/newslist/11.html","https://www.haitaik.com/newslist/1800476754252349440-8-8.html","Good news! Chuanglian Power Won the Title of Star Enterprise of Changzhou City in 2018","At the beginning of the new year, Changzhou Chuanglian Power Technology Co., Ltd. successively participated in the 2018 commendation meeting held by the Changzhou Municipal Party Committee, Municipal Government and Zhonglou District Government of Jiangsu Province, and won the 2018 ""Changzhou Star Enterprise"" and ""Zhonglou District"". Mr. Tang Jingxin, Chairman of Chuanglian Power Supply, was awarded the title of ""Changzhou Industrial Star Entrepreneur"" and ""Zhonglou District Outstanding Contribution Entrepreneur.","2019","16","02","/","https://omo-oss-image.thefastimg.com/portal-saas/pg2024041817493912440/cms/image/a45924b8-0d63-401e-9635-a7ef6828906a.jpg","Good news! Chuanglian Power Won the Title of Star Enterprise of Changzhou City in 2018","https://www.haitaik.com/news/5.html","Good news! Chuanglian Power Won the Title of Star Enterprise of Changzhou City in 2018","Feb 16,2019","Feb 16,2019","At the beginning of the new year, Changzhou Chuanglian Power Technology Co., Ltd. successively participated in the 2018 commendation meeting held by the Changzhou Municipal Party Committee, Municipal Government and Zhonglou District Government of Jiangsu Province, and won the 2018 ""Changzhou Star Enterprise"" and ""Zhonglou District"". Mr. Tang Jingxin, Chairman of Chuanglian Power Supply, was awarded the title of ""Changzhou Industrial Star Entrepreneur"" and ""Zhonglou District Outstanding Contribution Entrepreneur. The achievement of this series of honors has added a wonderful start to the new development path of Chuanglian Power in the New Year!
 

	
 

	
 
2018 is a year for the company to carry forward the past and forge ahead into the future. Chuanglian Power has always adhered to innovation-driven, strengthened internal management, improved work efficiency and execution, strictly controlled product quality, and has always been committed to creating a high quality LED drive power; externally, from brand promotion, channel construction, product services, etc. Continuously create a high-quality and efficient marketing system, and received good results. A series of achievements made by Chuanglian are a vivid portrayal of the implementation of the strategy of ""improving quality and efficiency, innovation and striving for stars"" by all employees of the company.
 

	
 
This award demonstrates the corporate strength of Chuanglian Power, and it is also the affirmation of the municipal party committee, municipal government, and district government for the contribution of Chuanglian Power to the city's economic construction. Chuanglian people will take this opportunity to unite and work hard, forge ahead, and join hands in a new journey in 2019.","","Previous Page

    
        
    There are pictures and the truth: 2019 Guangzhou ISLE Exhibition and Creation Power Supply Places the Leading Role Again","Chuanglian Power Supply invites you to 2019 Shenzhen International LED Exhibition (LED CHINA 2019)
        

    
    Next Page","There are pictures and the truth: 2019 Guangzhou ISLE Exhibition and Creation Power Supply Places the Leading Role Again","Chuanglian Power Supply invites you to 2019 Shenzhen International LED Exhibition (LED CHINA 2019)","","","","","https://omo-oss-image.thefastimg.com/portal-saas/pg2024041817493912440/cms/image/46609e54-7f7c-437a-9cc7-e344d82da0c6.jpg
https://omo-oss-image.thefastimg.com/portal-saas/pg2024041817493912440/cms/image/46609e54-7f7c-437a-9cc7-e344d82da0c6.jpg
https://omo-oss-image.thefastimg.com/portal-saas/pg2024041817493912440/cms/image/46609e54-7f7c-437a-9cc7-e344d82da0c6.jpg","https://www.haitaik.com/npublic/img/no-img.svg
https://www.haitaik.com/npublic/img/no-img.svg
https://www.haitaik.com/npublic/img/no-img.svg","",""
"1785828363-6","https://www.haitaik.com/newslist/11.html","https://www.haitaik.com/newslist/1800476754252349440-8-8.html","There are pictures and the truth: 2019 Guangzhou ISLE Exhibition and Creation Power Supply Places the Leading Role Again","The 2019 Guangzhou International Advertising Logo and LED Exhibition (ISLE) was grandly held in Area B of Guangzhou Canton Fair Exhibition Hall from March 3 to March 6, 2019. Chuanglian Power Supply with a number of blockbuster new products dressed up, become the focus of the Guangzhou exhibition, so what is the reason for the popularity of Chuanglian Power Supply booth? Let us take you into the booth of Chuanglian Power Supply, for you to reveal the wonderful moment of Chuanglian shining Guangzhou exhibition!","2019","22","03","/","https://omo-oss-image.thefastimg.com/portal-saas/pg2024041817493912440/cms/image/243a9be8-db99-469d-8bbb-88393bc226df.jpg","There are pictures and the truth: 2019 Guangzhou ISLE Exhibition and Creation Power Supply Places the Leading Role Again","https://www.haitaik.com/news/6.html","There are pictures and the truth: 2019 Guangzhou ISLE Exhibition and Creation Power Supply Places the Leading Role Again","Mar 22,2019","Mar 22,2019","The 2019 Guangzhou International Advertising Logo and LED Exhibition (ISLE) was grandly held in Area B of Guangzhou Canton Fair Exhibition Hall from March 3 to March 6, 2019. Chuanglian Power Supply with a number of blockbuster new products dressed up, become the focus of the Guangzhou exhibition, so what is the reason for the popularity of Chuanglian Power Supply booth? Let us take you into the booth of Chuanglian Power Supply, for you to reveal the wonderful moment of Chuanglian shining Guangzhou exhibition! 
   
   
   
  Disclosure 1: The unique booth catches the eye 
 White is the main body, warm red is the keynote of embellishment, Chuanglian power booth is simple and atmospheric, five series of exhibits are arranged in series according to application fields, three-dimensional design of new product display area, bright and spacious negotiation area, large LED display screen, wonderful highlights in the exhibition area are constantly on, and the ingenious booth layout has attracted many merchants to stop and visit. 
   
   
   
   
   
  Secret two: reliable quality power supply sought after 
 Display series power supply, rainproof series power supply, waterproof series power supply, light box display cabinet series power supply, industrial control series power supply 
 Chuanglian Power appeared at the exhibition with five series of products. At the exhibition, many companies staged a situation of competing for the best. With excellent technology, efficient, stable and reliable product performance, Chuanglian Power has won industry professionals and customers from all over the world. Wide attention and unanimous praise. 
   
   
   
   
   
  Secret three: close to the demand of technological innovation gathering people 
 Chuanglian Power Supply has always adhered to technological innovation as the drive and customer demand as the guide. At the exhibition, Chuanglian Power Supply ceremoniously introduced a variety of new products. No matter in terms of performance or appearance, every detail explains Chuanglian Power Supply's focus and intention. The technical advantages of the exhibits are prominent and the beauty of innovation spreads. 
   
   
   
   
   
 The four-day Guangzhou exhibition ended perfectly. Chuanglian Power Supply attached great importance to the Guangzhou exhibition and did its homework. From adhering to product quality to leading the market, from technological innovation to leading the development of the industry, Chuanglian Power Supply has gone forcefully in every step, continuously leading the new development in the LED drive field.","","Previous Page

    
        
    Announcement on New Models of Chuanglian Power Supply","Good news! Chuanglian Power Won the Title of Star Enterprise of Changzhou City in 2018
        

    
    Next Page","Announcement on New Models of Chuanglian Power Supply","Good news! Chuanglian Power Won the Title of Star Enterprise of Changzhou City in 2018","","","","Disclosure 1: The unique booth catches the eye","https://omo-oss-image.thefastimg.com/portal-saas/pg2024041817493912440/cms/image/46609e54-7f7c-437a-9cc7-e344d82da0c6.jpg
https://omo-oss-image.thefastimg.com/portal-saas/pg2024041817493912440/cms/image/46609e54-7f7c-437a-9cc7-e344d82da0c6.jpg
https://omo-oss-image.thefastimg.com/portal-saas/pg2024041817493912440/cms/image/46609e54-7f7c-437a-9cc7-e344d82da0c6.jpg","https://www.haitaik.com/npublic/img/no-img.svg
https://www.haitaik.com/npublic/img/no-img.svg
https://www.haitaik.com/npublic/img/no-img.svg","",""
"1785828366-7","https://www.haitaik.com/newslist/11.html","https://www.haitaik.com/newslist/1800476754252349440-8-8.html","Announcement on New Models of Chuanglian Power Supply","","2019","06","09","/","https://omo-oss-image.thefastimg.com/portal-saas/pg2024041817493912440/cms/image/7ab752ac-10bc-485e-ba7c-c1b4f357831e.png","Announcement on New Models of Chuanglian Power Supply","https://www.haitaik.com/news/13.html","Announcement on New Models of Chuanglian Power Supply","Sep 06,2019","Sep 06,2019","Announcement on New Models of Chuanglian Power Supply","","Previous Page

    
        
    New Journey to Start Again-Celebration of 20th Anniversary of Chuanglian Power Supply and 2020 New Year's Meeting","There are pictures and the truth: 2019 Guangzhou ISLE Exhibition and Creation Power Supply Places the Leading Role Again
        

    
    Next Page","New Journey to Start Again-Celebration of 20th Anniversary of Chuanglian Power Supply and 2020 New Year's Meeting","There are pictures and the truth: 2019 Guangzhou ISLE Exhibition and Creation Power Supply Places the Leading Role Again","","","","","https://omo-oss-image.thefastimg.com/portal-saas/pg2024041817493912440/cms/image/46609e54-7f7c-437a-9cc7-e344d82da0c6.jpg
https://omo-oss-image.thefastimg.com/portal-saas/pg2024041817493912440/cms/image/46609e54-7f7c-437a-9cc7-e344d82da0c6.jpg
https://omo-oss-image.thefastimg.com/portal-saas/pg2024041817493912440/cms/image/46609e54-7f7c-437a-9cc7-e344d82da0c6.jpg","https://www.haitaik.com/npublic/img/no-img.svg
https://www.haitaik.com/npublic/img/no-img.svg
https://www.haitaik.com/npublic/img/no-img.svg","",""
"1785828373-8","https://www.haitaik.com/newslist/11.html","https://www.haitaik.com/newslist/1800476754252349440-8-8.html","New Journey to Start Again-Celebration of 20th Anniversary of Chuanglian Power Supply and 2020 New Year's Meeting","Time flies, fleeting; 20 years, a flick of a finger. With the ringing of the New Year's bell, we ushered in the best moment of Chuanglian Power Supply-the 20th Anniversary Celebration of Chuanglian Power Supply and the 2020 New Year's Party.","2020","14","01","/","https://omo-oss-image.thefastimg.com/portal-saas/pg2024041817493912440/cms/image/b0299618-f4da-4653-ba07-4417fc3950d5.jpg","New Journey to Start Again-Celebration of 20th Anniversary of Chuanglian Power Supply and 2020 New Year's Meeting","https://www.haitaik.com/news/21.html","New Journey to Start Again-Celebration of 20th Anniversary of Chuanglian Power Supply and 2020 New Year's Meeting","Jan 14,2020","Jan 14,2020","Time flies, fleeting; 20Year, a flick of a finger. With the ringing of the New Year's bell, we ushered in the best moment of Chuanglian Power Supply-the 20th Anniversary Celebration of Chuanglian Power Supply and the 2020 New Year's Party. 
   
  2020Year 1On the 10th of January, all Chuanglian people gathered in Changzhou Xiyuan Hotel to witness the important moment of Chuanglian Power Supply. Through watching historical video materials, the scene felt the 20-year brilliant development and growth of Chuanglian Power Supply. Everyone was elated and excited. 
   
   
   
  The annual meeting kicked off with the New Year's address from Chairman Mr. Tang Jingxin. First of all, Chairman Tang Jingxin extended a warm welcome to all the leaders and guests who came to participate in the company's 20th anniversary celebration, and expressed his heartfelt thanks to all the employees and friends from all walks of life who worked hard for the company! In the past, 20.In the glorious course of the year, we have gone through hardships, cut through difficulties and made continuous progress. Looking forward to the future, we will forge ahead and innovate. Chuanglian will further increase its investment in R & D, brand, talent, corporate culture, production automation and other aspects, so as to build Chuanglian into an elite team of talent gathering, efficient management and pragmatic work, so that everyone with dreams can realize their dreams here. 
   
  Picture of Tang Zong's Speech 
  In this annual meeting, the company has carefully prepared wonderful programs such as songs, dances, quyi, sketches, poetry recitations, etc. The atmosphere of the venue is festive, joyful, and the climax is ups and downs, especially the lottery. 
   
   
   
   
   
   
   
  Group pictures such as performances and prizes 
  During the annual meeting, the company is 2019.The 28 outstanding employees and 6 groups of outstanding teams of the year were commended and thanked for their hard work over the past year! They are dedicated, conscientious and responsible in their respective positions, and have made outstanding contributions to the company's high-quality development. 
   
  Commendation of the group map 
  Good times are always short. This power supply 20Zhou Qinghe's 2020 meeting came to a successful conclusion in the song ""Tomorrow Will Be Better"", which is the blessing and expectation of Chuanglian Power for all Chuanglian people to achieve greater achievements in the future development. Twenty years of spring and autumn, twenty years of glorious glory. All the past, are preface, seize every minute, live up to the youth. The new journey will be launched again. For the same dream, let's work hard together!","","Previous Page

    
        
    Fight the epidemic and overcome the difficulties! Letter to Chuanglian Power Customers","Announcement on New Models of Chuanglian Power Supply
        

    
    Next Page","Fight the epidemic and overcome the difficulties! Letter to Chuanglian Power Customers","Announcement on New Models of Chuanglian Power Supply","","","","","https://omo-oss-image.thefastimg.com/portal-saas/pg2024041817493912440/cms/image/46609e54-7f7c-437a-9cc7-e344d82da0c6.jpg
https://omo-oss-image.thefastimg.com/portal-saas/pg2024041817493912440/cms/image/46609e54-7f7c-437a-9cc7-e344d82da0c6.jpg
https://omo-oss-image.thefastimg.com/portal-saas/pg2024041817493912440/cms/image/46609e54-7f7c-437a-9cc7-e344d82da0c6.jpg","https://www.haitaik.com/npublic/img/no-img.svg
https://www.haitaik.com/npublic/img/no-img.svg
https://www.haitaik.com/npublic/img/no-img.svg","","https://omo-oss-image.thefastimg.com/portal-saas/pg2024041817493912440/cms/image/ea7faa5f-86a6-40a0-a626-a9dada7b6918.png"
"1785828375-9","https://www.haitaik.com/newslist/11.html","https://www.haitaik.com/newslist/1800476754252349440-8-8.html","Fight the epidemic and overcome the difficulties! Letter to Chuanglian Power Customers","","2020","21","02","/","https://omo-oss-image.thefastimg.com/portal-saas/pg2024041817493912440/cms/image/6031d92f-ab31-4cca-bbe1-603a0b96d553.jpg","Fight the epidemic and overcome the difficulties! Letter to Chuanglian Power Customers","https://www.haitaik.com/news/22.html","Fight the epidemic and overcome the difficulties! Letter to Chuanglian Power Customers","Feb 21,2020","Feb 21,2020","Dear customers and partners:

	Good New Year everyone!

	First of all, I would like to thank the customers all over the country for their trust and support to Chuanglian Power Supply! Since the start of the fight against the pneumonia epidemic infected by the new coronavirus, the people of the whole country have been united in the prevention and control of the epidemic. In order to actively prevent and control the epidemic, protect the health and safety of all employees of the company, and protect the stable development of partners, Chuanglian Power actively responded to the call of the government and strictly followed the requirements of the Changzhou Municipal Government, strictly achieve the prevention and control mechanism in place, personnel investigation in place, facilities and materials in place, internal management in place ""four in place"", successfully passed the government's approval to resume work, and this month17Work began to resume from the day.
 

	The current is still a critical period of epidemic prevention and control, the creation of the power supply will strictly implement the measures, do a good job of epidemic prevention and control, gather all forces to ensure that the company's safe and orderly production, production capacity will be gradually restored. Due to the impact of the epidemic control, most areas of transportation and logistics transportation has yet to be gradually restored, in the short term on the upstream and downstream raw material supply, logistics and transportation, production supporting there is a certain impact, so that we have delayed the service, during the epidemic to you inconvenience, we apologize, please understand!
 

	In order to minimize personnel contact and ensure safety, Chuanglian Power proposes that our sales and technical service personnel work online, timely by telephone,QQWeChat and other remote communication methods keep in touch and communicate with customers to ensure the orderly progress of daily work and meet customer needs.
 

	In this battle against the epidemic without gunpowder smoke, Chuanglian Power Supply will work together with everyone to overcome the difficulties, fight the epidemic, and welcome the warm spring flowers together!
 
 

	Changzhou Chuanglian Power Technology Co., Ltd.

	                                                                2020Year2Month21Day","","Previous Page

    
        
    [Chuanglian Power New Product Information] Single and Double Color Power A- 200AF-5D-King Attacks!","New Journey to Start Again-Celebration of 20th Anniversary of Chuanglian Power Supply and 2020 New Year's Meeting
        

    
    Next Page","[Chuanglian Power New Product Information] Single and Double Color Power A- 200AF-5D-King Attacks!","New Journey to Start Again-Celebration of 20th Anniversary of Chuanglian Power Supply and 2020 New Year's Meeting","","","","The current is still a critical period of epidemic prevention and control, the creation of the power supply will strictly implement the measures, do a good job of epidemic prevention and control, gather all forces to ensure that the company's safe and orderly production, production capacity will be gradually restored. Due to the impact of the epidemic control, most areas of transportation and logistics transportation has yet to be gradually restored, in the short term on the upstream and downstream raw material supply, logistics and transportation, production supporting there is a certain impact, so that we have delayed the service, during the epidemic to you inconvenience, we apologize, please understand!","https://omo-oss-image.thefastimg.com/portal-saas/pg2024041817493912440/cms/image/46609e54-7f7c-437a-9cc7-e344d82da0c6.jpg
https://omo-oss-image.thefastimg.com/portal-saas/pg2024041817493912440/cms/image/46609e54-7f7c-437a-9cc7-e344d82da0c6.jpg
https://omo-oss-image.thefastimg.com/portal-saas/pg2024041817493912440/cms/image/46609e54-7f7c-437a-9cc7-e344d82da0c6.jpg","https://www.haitaik.com/npublic/img/no-img.svg
https://www.haitaik.com/npublic/img/no-img.svg
https://www.haitaik.com/npublic/img/no-img.svg","",""
"1785828380-10","https://www.haitaik.com/newslist/11.html","","[Chuanglian Power New Product Information] Single and Double Color Power A- 200AF-5D-King Attacks!","","2020","14","05","/","https://omo-oss-image.thefastimg.com/portal-saas/pg2024041817493912440/cms/image/daf90437-eb04-44b0-aea7-36f630bfbb71.jpg","[Chuanglian Power New Product Information] Single and Double Color Power A- 200AF-5D-King Attacks!","https://www.haitaik.com/news/23.html","[Chuanglian Power New Product Information] Single and Double Color Power A- 200AF-5D-King Attacks!","May 14,2020","May 14,2020","[Chuanglian Power New Product Information] Single and Double Color Power A- 200AF-5D-King Attacks! 
  
    
   
    
     
      
       
        
         
          
          1 
          
         
        
       
       
       Product Introduction 
       
      
     
    
   
   
    
      
    
   
  A- 200AF-D series products are a 200W fanless LED single and double color display driving power supply with input voltage range of 200 ~ 240VAC and output voltage of 3.8V, 4.2V, 4.5V, 5V, etc. They can be applied to various LED display fields such as LED display screen and LED indicator lamp. This series of products are ultra-thin design with a height of only 30mm and can meet the requirements of various box sizes. High efficiency, compact shell design, good heat dissipation, to ensure the long-term stability of this series of products. 
   
    
      
    
   
   
    
     
      
       
        
         
          
          2 
          
         
        
       
       
       Product Features 
       
      
     
    
   
    
  ● Annual repair rate is less than 3 ‰ 
  ● New devices, full power 
  ● Standard ultra-thin products, height 30mm 
  ● -20~70 ℃ working temperature (see derating curve for details) 
  ● Input undervoltage protection/short circuit/overload protection function 
  ● 100% full load aging 
  ● High efficiency and high reliability 
  ● 1 year warranty period 
   
    
     
      
       
      
     
     
      
       
        
         
          
          3 
          
         
        
       
       
       Application areas 
       
      
     
      
    LED single and double color display 
     
      
    LED single and double color indicator light 
     
    
   
   
    
     
    
   
  LED single color display power solution boutique recommend 
  A-200AF-5D","","Previous Page

    
        
    [Chuanglian Power Supply] Ding Dong ~ You have an invitation letter for the exhibition, please check it!","Fight the epidemic and overcome the difficulties! Letter to Chuanglian Power Customers
        

    
    Next Page","[Chuanglian Power Supply] Ding Dong ~ You have an invitation letter for the exhibition, please check it!","Fight the epidemic and overcome the difficulties! Letter to Chuanglian Power Customers","1","","● Annual repair rate is less than 3 ‰","● New devices, full power","https://omo-oss-image.thefastimg.com/portal-saas/pg2024041817493912440/cms/image/46609e54-7f7c-437a-9cc7-e344d82da0c6.jpg
https://omo-oss-image.thefastimg.com/portal-saas/pg2024041817493912440/cms/image/46609e54-7f7c-437a-9cc7-e344d82da0c6.jpg
https://omo-oss-image.thefastimg.com/portal-saas/pg2024041817493912440/cms/image/46609e54-7f7c-437a-9cc7-e344d82da0c6.jpg","https://www.haitaik.com/npublic/img/no-img.svg
https://www.haitaik.com/npublic/img/no-img.svg
https://www.haitaik.com/npublic/img/no-img.svg","",""
"1785828383-11","https://www.haitaik.com/newslist/11.html","","[Chuanglian Power Supply] Ding Dong ~ You have an invitation letter for the exhibition, please check it!","","2020","24","09","/","https://omo-oss-image.thefastimg.com/portal-saas/pg2024041817493912440/cms/image/1fc26781-d3f9-4255-8eb6-82185240b239.jpg","[Chuanglian Power Supply] Ding Dong ~ You have an invitation letter for the exhibition, please check it!","https://www.haitaik.com/news/28.html","[Chuanglian Power Supply] Ding Dong ~ You have an invitation letter for the exhibition, please check it!","Sep 24,2020","Sep 24,2020","As a lighting and LED industry vaneGuangzhou International Lighting Exhibition (Guangya Exhibition)Will be10-13 October 2020InPazhou PavilionHeld grandly. The four-day exhibition is expected to attract more than 2200 enterprises from more than 20 countries and regions, covering 18 pavilions. In this annual lighting feast,Chuanglian power supplywill carryThe latest research and development results and design concepts, in.12.2 Pavilion C10 BoothMeet with everyone.  As a world-renowned LED power supply manufacturer, Chuanglian Power Supply will continue to rely on its own 20 years of precipitated power supply technology, adhere to the product innovation concept of high energy efficiency high quality, keep up with the development trend of the industry, and constantly seek change and innovation. This exhibition will open a new journey in the field of lighting and lighting with new and efficient power products.   Time: 2020.10.10~13Location:China Import and Export Commodities Fair Exhibition Hall(380 Yuejiang Middle Road, Haizhu District, Guangzhou, China)Booth number of Chuanglian Power Supply: C10, 12.2 Pavilion At that time, Chuanglian Power will bring a number of blockbuster new products to the Guangzhou International Lighting Exhibition!From October 10 to 13, Chuanglian Power will be with you!","","Previous Page

    
        
    Hotspot Express | Chuanglian Power Won UL Witness Test Laboratory Qualification","[Chuanglian Power New Product Information] Single and Double Color Power A- 200AF-5D-King Attacks!
        

    
    Next Page","Hotspot Express | Chuanglian Power Won UL Witness Test Laboratory Qualification","[Chuanglian Power New Product Information] Single and Double Color Power A- 200AF-5D-King Attacks!","","(380 Yuejiang Middle Road, Haizhu District, Guangzhou, China)","As a world-renowned LED power supply manufacturer, Chuanglian Power Supply will continue to rely on its own 20 years of precipitated power supply technology, adhere to the product innovation concept of high energy efficiency high quality, keep up with the development trend of the industry, and constantly seek change and innovation. This exhibition will open a new journey in the field of lighting and lighting with new and efficient power products.","","https://omo-oss-image.thefastimg.com/portal-saas/pg2024041817493912440/cms/image/46609e54-7f7c-437a-9cc7-e344d82da0c6.jpg
https://omo-oss-image.thefastimg.com/portal-saas/pg2024041817493912440/cms/image/46609e54-7f7c-437a-9cc7-e344d82da0c6.jpg
https://omo-oss-image.thefastimg.com/portal-saas/pg2024041817493912440/cms/image/46609e54-7f7c-437a-9cc7-e344d82da0c6.jpg","https://www.haitaik.com/npublic/img/no-img.svg
https://www.haitaik.com/npublic/img/no-img.svg
https://www.haitaik.com/npublic/img/no-img.svg","",""
"1785828386-12","https://www.haitaik.com/newslist/11.html","","Hotspot Express | Chuanglian Power Won UL Witness Test Laboratory Qualification","UL, a world-renowned safety science expert, officially awarded Changzhou chuanglian power supply technology co., ltd. (hereinafter referred to as ""chuanglian power supply"") the qualification of ""UL Witness Test Data Program (WTDP) laboratory"", witnessing another important moment for UL in the domestic power supply field. The WTDP qualification authorization will help create a new process of power intelligence, leading the national brand to the international stage.","2020","04","11","/","https://omo-oss-image.thefastimg.com/portal-saas/pg2024041817493912440/cms/image/71e1ebd6-8352-4b4c-b8b7-a838f5d7fbc1.jpg","Hotspot Express | Chuanglian Power Won UL Witness Test Laboratory Qualification","https://www.haitaik.com/news/29.html","Hotspot Express | Chuanglian Power Won UL Witness Test Laboratory Qualification","Nov 04,2020","Nov 04,2020","JiangsuMinistry, Changzhou, November 3, 2020
       
      world-renownedSafety Science Specialist ULofficially awardedChangzhou Chuanglian Power Technology Co., Ltd.(hereinafter referred to as ""Chuanglian Power Supply"")“UL Approved Witness Testing (Witness Test Data Program,WTDP) LaboratoryThe qualification has witnessed another important moment for UL in the domestic power supply field.The WTDP qualification authorization will help create a new process of power intelligence, leading the national brand to the international stage.
       
      
       
       
      This WTDP laboratory qualification award,It will further provide a more high quality one-stop testing service for Chuanglian Power, and help Chuanglian Power to improve product compliance, while accelerating the opening of a new layout in the international market.
      
        
        
      
      
       
        
         
          
           
            
             
           
          
          
           
            Ride the wind and waves-UL helps Chinese enterprises to move forward bravely
           
          
           
         
        
       
      
      
       
        
         In 2020,The world has experienced ""great changes"", the sudden outbreak of the new crown epidemic, the global foreign trade economy has a huge impact. In the face of the difficulties faced by many domestic enterprises in exporting,As an expert in the global market compliance solutions industry, since entering China in 1980, UL has always been committed to serving the local advanced international technology and experience, providing one-stop integrated services such as localized testing, certification, inspection, and training to help solve The global market access needs of local enterprises.
          
         
         Wang Wenbin, Director of Greater China Region of UL Meihua Certification (left) and Chuanglian Power Supply
         General Manager Mr. Tang Jingxin (right) jointly unveiled
        
       
      
      
       
        
         The WTDP Laboratory Qualification AwardWillFurther provide one-stop integrated services for Chuanglian Power Supply in terms of product safety testing and technical guidance.. Under the WTDP laboratory authorization qualification, Chuanglian power supply can be witnessed by UL engineering technical experts on site,Through its own laboratory resources to carry out all the tests, effectively saving sample transportation, test waiting and problem rectification time, so as to further improve the efficiency of product certification.Meet international market compliance requirements faster.
        
       
      
      
       
        
         
          
           
            
             
           
          
          
           
            set sail-UL and Chuanglian Power Supply Work Together to Promote Industry Standardization
           
          
          
           
            
             
           
          
         
        
       
      
      
       
        
         Chuanglian Power Supply is currently equipped with domestic first-class power testing laboratory resources and testing team. In recent years, driven by the national technological innovation and reform, Chuanglian PowerOn the basis of maximizing product quality and safety compliance, we continue to introduce new products, encourage product upgrades, and move towards the international market.
         As a global independent safety science company, UL has international advanced technology and resource advantages in the field of testing, certification and standard development.UL self-developedUL62368-1Industry standards, providing higher quality product safety and compliance for the power industry, and are widely recognized and adopted internationally. In this regard, UL expects to strengthen and deepen cooperation with Chuanglian Power,Further standardize the domestic power supply industry standards, introduce international advanced experience and industry resources, and actively carry out technical exchanges and communication at home and abroad, so as to help more Chinese enterprises to integrate with the international scientific and technological level, and empower enterprises to innovate and develop and brand differentiation.
        
       
      
      
       
        
         Mr. Tang Jingxin, General Manager of Chuanglian Power Supply, said to the cooperation laboratory:
        
        
         
          
           
            
             
           
          
          
           
            
              ""The cooperation between Chuanglian Power and UL in the United States this time will further boost the compliance level of products in the power supply industry, from meeting domestic certification requirements to meeting international higher quality standards. This is an important milestone in the development of Chuanglian Power.In more than 20 years of Chuanglian power market development, UL accompanied and witnessed the growth of Chuanglian power supply, to Chuanglian power supply technical guidance and support. The official authorization of the witness laboratory will mark that Chuanglian Power has pressed the shortcut key of independent research and development. Chuanglian Power will further release production capacity and accelerate the global layout strategy of Chinese manufacturing.The two sides will carry out more cooperation in the future to create the best experience for global users and open up new channels for global user interaction.""
            
           
          
          
           
            
             
           
          
         
        
        
          
         Mr. Wang Wenbin, Director of Greater China of UL Meihua Certification, said:
        
        
         
          
           
            
             
           
          
          
           
            
             ""UL is honored to be a trusted partner of Chuanglian Power. The Chuanglian Power Supply obtained the witness laboratory qualification, which represents that Chuanglian Power Supply already has the quality testing capability of international level, and UL will further provide Chuanglian Power Supply.Higher quality, high standards, more efficient and comprehensiveSecurity technical support.Since entering the Chinese market in 1980, UL has always been deeply involved in the Chinese market, committed to serving domestic enterprises, and cooperating with domestic enterprises to develop in the same direction, providing customized service solutions more suitable for the long-term development of enterprises according to local conditions, so that more outstanding Chinese brands can be in the international market..”
            
           
          
          
           
            
             
           
          
         
        
       
      
       
      
       
        
         This year is the 40th anniversary of UL's entry into China. UL has been""Creating a safer worldWe are committed to creating a safer working and living environment for all humanity. For 40 years,UL provides localized testing, certification, inspection, training and consulting services for Chinese manufacturers. It has successfully helped more than 20000 outstanding Chinese companies to cope with the new challenges brought by economic globalization, enhance their international competitiveness, and gain extensive brand trust and reputation.
         In the future, UL will continue to make full use of its own technology and resource advantages to provide a higher level and higher quality testing and certification one-stop service for China's power supply manufacturing industry, and will further strengthen the communication between domestic and foreign industries,Promote the transformation and upgrading of Chinese enterprises and empower the globalization and differentiated development of Chinese brands.
        
       
      
      
       
         
       
       
        
         About UL
        
       
      
      
       
        
         UL's applied science research addresses the challenges of safety, reliability and sustainability to help create a better world. UL empowers trust by ensuring the safe commercialization of innovative technologies. With the mission of creating a safer world, from independent research and standards development to testing and certification, to providing analytical and digital solutions, all of our work is dedicated to improving global well-being. Companies, industries, governments, regulators, and the public trust us to make smarter decisions. For more information, please visit UL.com.
        
       
      
      
        
      
      
       
         
       
       
        
         About Chuanglian Power Supply
        
       
      
      
       
        
         Changzhou Chuanglian Power Technology Co., Ltd. was founded in 2000. It is a national high-tech enterprise and one of the largest power supply manufacturers in China. It has a leading market share in the field of display power supply for many years.
         Chuanglian power supply mainly has four series of products, namely display power supply, industrial control power supply, lighting power supply and other types of power supply, involving more than 2000 types of specifications, which can meet the needs of power supply products in different fields.
         Chuanglian Power Upholds the business philosophy of achieving every customer with first-class products and services, adding luster to the city and providing permanent power source for equipment.","","Previous Page

    
        
    Chuanglian Power Supply Listing Counseling Announcement","[Chuanglian Power Supply] Ding Dong ~ You have an invitation letter for the exhibition, please check it!
        

    
    Next Page","Chuanglian Power Supply Listing Counseling Announcement","[Chuanglian Power Supply] Ding Dong ~ You have an invitation letter for the exhibition, please check it!","","","world-renownedSafety Science Specialist ULofficially awardedChangzhou Chuanglian Power Technology Co., Ltd.(hereinafter referred to as ""Chuanglian Power Supply"")“UL Approved Witness Testing (Witness Test Data Program,WTDP) LaboratoryThe qualification has witnessed another important moment for UL in the domestic power supply field.The WTDP qualification authorization will help create a new process of power intelligence, leading the national brand to the international stage.","","https://omo-oss-image.thefastimg.com/portal-saas/pg2024041817493912440/cms/image/46609e54-7f7c-437a-9cc7-e344d82da0c6.jpg
https://omo-oss-image.thefastimg.com/portal-saas/pg2024041817493912440/cms/image/46609e54-7f7c-437a-9cc7-e344d82da0c6.jpg
https://omo-oss-image.thefastimg.com/portal-saas/pg2024041817493912440/cms/image/46609e54-7f7c-437a-9cc7-e344d82da0c6.jpg","https://www.haitaik.com/npublic/img/no-img.svg
https://www.haitaik.com/npublic/img/no-img.svg
https://www.haitaik.com/npublic/img/no-img.svg","",""
"1785828388-13","https://www.haitaik.com/newslist/11.html","","Chuanglian Power Supply Listing Counseling Announcement","Changzhou Chuanglian Power Technology Co., Ltd. plans to issue RMB common shares for the first time and go public. It is now receiving guidance from Minsheng Securities Co., Ltd.","2020","17","11","/","https://omo-oss-image.thefastimg.com/portal-saas/pg2024041817493912440/cms/image/3d069318-2921-4bc8-b1de-3ef113b27d51.jpg","Chuanglian Power Supply Listing Counseling Announcement","https://www.haitaik.com/news/30.html","Chuanglian Power Supply Listing Counseling Announcement","Nov 17,2020","Nov 17,2020","","","Previous Page

    
        
    Focus-Chuanglian Power Escorts the 100 Anniversary of the Founding of the Party ""Great Journey""","Hotspot Express | Chuanglian Power Won UL Witness Test Laboratory Qualification
        

    
    Next Page","Focus-Chuanglian Power Escorts the 100 Anniversary of the Founding of the Party ""Great Journey""","Hotspot Express | Chuanglian Power Won UL Witness Test Laboratory Qualification","","","","","https://omo-oss-image.thefastimg.com/portal-saas/pg2024041817493912440/cms/image/46609e54-7f7c-437a-9cc7-e344d82da0c6.jpg
https://omo-oss-image.thefastimg.com/portal-saas/pg2024041817493912440/cms/image/46609e54-7f7c-437a-9cc7-e344d82da0c6.jpg
https://omo-oss-image.thefastimg.com/portal-saas/pg2024041817493912440/cms/image/46609e54-7f7c-437a-9cc7-e344d82da0c6.jpg","https://www.haitaik.com/npublic/img/no-img.svg
https://www.haitaik.com/npublic/img/no-img.svg
https://www.haitaik.com/npublic/img/no-img.svg","https://omo-oss-image.thefastimg.com/portal-saas/pg2024041817493912440/cms/image/3d069318-2921-4bc8-b1de-3ef113b27d51.jpg",""
"1785828390-14","https://www.haitaik.com/newslist/11.html","","Focus-Chuanglian Power Escorts the 100 Anniversary of the Founding of the Party ""Great Journey""","Recently, our company has found that some subjects have systematically fabricated and disseminated completely untrue statements about our company through the Internet and self-media platforms. The content of the dissemination ignores the facts and seriously affects our market image and reputation.","2021","03","07","/","https://omo-oss-image.thefastimg.com/portal-saas/pg2024041817493912440/cms/image/be05d5f8-2a91-480d-b3ad-579415b230ba.webp","Focus-Chuanglian Power Escorts the 100 Anniversary of the Founding of the Party ""Great Journey""","https://mp.weixin.qq.com/s/FDeLbpxAglL_5nFIrNlKXA","聚焦—创联电源为建党100周年《伟大征程》保驾护航","","","","","","","","","点击上方蓝字关注我们！","国家体育场内，近万平方米的LED巨型屏幕及地砖屏舞台震撼亮相，重现中国共产党的百年风华，宏大之景。创联电源与万千观众一同见证了这一庄严隆重的高光时刻。","","创联电源配套鸟巢舞台及天安门广场大屏","","","","https://mmbiz.qpic.cn/mmbiz_png/FEHUc6gNdc3aR8ia6OBFvvNiabST3MfojboFRMCriaKAFToKsYqQawuCIwamFic7tgjK4c0EoFHgjC0oAuqjKQpbCQ/300?wx_fmt=png&wxfrom=18"
"1785828392-15","https://www.haitaik.com/newslist/11.html","","Statement on ""Some subjects spread rumors and issued false statements through the Internet and self-media platforms""","Recently, our company has found that some subjects have systematically fabricated and disseminated completely untrue statements about our company through the Internet and self-media platforms. The content of the dissemination ignores the facts and seriously affects our market image and reputation.","2022","14","11","/","https://omo-oss-image.thefastimg.com/portal-saas/pg2024041817493912440/cms/image/f706669d-10d6-49f5-8acb-1ea80bcc7315.jpg","Statement on ""Some subjects spread rumors and issued false statements through the Internet and self-media platforms""","https://www.haitaik.com/news/40.html","Statement on ""Some subjects spread rumors and issued false statements through the Internet and self-media platforms""","Nov 14,2022","Nov 14,2022","","","Previous Page

    
        
    Chuanglian Power Supply-High-end Intelligent Power Supply Industrialization Project-Xi Feng Jinding!","Focus-Chuanglian Power Escorts the 100 Anniversary of the Founding of the Party ""Great Journey""
        

    
    Next Page","Chuanglian Power Supply-High-end Intelligent Power Supply Industrialization Project-Xi Feng Jinding!","Focus-Chuanglian Power Escorts the 100 Anniversary of the Founding of the Party ""Great Journey""","","","","","https://omo-oss-image.thefastimg.com/portal-saas/pg2024041817493912440/cms/image/46609e54-7f7c-437a-9cc7-e344d82da0c6.jpg
https://omo-oss-image.thefastimg.com/portal-saas/pg2024041817493912440/cms/image/46609e54-7f7c-437a-9cc7-e344d82da0c6.jpg
https://omo-oss-image.thefastimg.com/portal-saas/pg2024041817493912440/cms/image/46609e54-7f7c-437a-9cc7-e344d82da0c6.jpg","https://www.haitaik.com/npublic/img/no-img.svg
https://www.haitaik.com/npublic/img/no-img.svg
https://www.haitaik.com/npublic/img/no-img.svg","https://omo-oss-image.thefastimg.com/portal-saas/pg2024041817493912440/cms/image/f706669d-10d6-49f5-8acb-1ea80bcc7315.jpg",""
"1785828394-16","https://www.haitaik.com/newslist/11.html","","Chuanglian Power Supply-High-end Intelligent Power Supply Industrialization Project-Xi Feng Jinding!","Chuanglian Power was founded in March 2000. It is a national-level specialized and special new ""little giant"" enterprise and high-tech enterprise integrating R & D, manufacturing, sales and service. The company has two power research and development center teams in Changzhou and Shenzhen, and has set up post-doctoral research workstations to aim at the cutting-edge technology of global switching power supplies and comprehensively enhance the key core technology and independent innovation capability of Chuanglian Power Supply.","2023","12","12","/","https://omo-oss-image.thefastimg.com/portal-saas/pg2024041817493912440/cms/image/62ee9a04-a4d9-4426-ae59-02ceea83d2f3.png","Chuanglian Power Supply-High-end Intelligent Power Supply Industrialization Project-Xi Feng Jinding!","https://www.haitaik.com/news/42.html","Chuanglian Power Supply-High-end Intelligent Power Supply Industrialization Project-Xi Feng Jinding!","Dec 12,2023","Dec 12,2023","On November 30, the building structure of the Chuanglian Power Supply · High-end Intelligent Power Supply Industrialization Project constructed by Feifeng Building was successfully capped, marking a phased victory in the construction of the project, and also laying a foundation for the subsequent secondary structure and initial decoration projects. Solid foundation. 
  
 Changzhou Chuanglian Power Technology Co., Ltd. newly built high-end intelligent power supply industrialization project, covering an area of about 40 acres, with a construction area of 54857.8 square meters. The project plans to build several full-automatic intelligent manufacturing production lines, flexible intelligent production lines, SMT patch production lines and AI automatic plug-in production lines, etc. It is planned to establish Chuanglian Intelligent Warehouse (CTU)-automatic intelligent warehouse management system and intelligent manufacturing information system, etc. It is planned to build a world-class high-end intelligent power supply industry center, an industry-leading product research and development center and a verification center. 
 Chuanglian Power was founded in March 2000. It is a national-level specialized and special new ""little giant"" enterprise and high-tech enterprise integrating R & D, manufacturing, sales and service. The company has two power research and development center teams in Changzhou and Shenzhen, and has set up post-doctoral research workstations to aim at the cutting-edge technology of global switching power supplies and comprehensively enhance the key core technology and independent innovation capability of Chuanglian Power Supply. 
 The company's products include three series of LED display power supply, industrial control power supply and lighting power supply, with more than 2000 standard models, providing all-round power supply solutions for global customers. Products are used in: LED display, industrial automation, industrial electronic equipment, instrumentation, power, communications, transportation, engineering lighting, new energy and other industries. Products are exported to Europe and the United States, Africa, Latin America, the Middle East, Southeast Asia and other more than 50 countries and regions, favored by customers, annual production and sales of more than 20 million sets.","Chuanglian power supply,,Xi Feng Jin Ding,High-end intelligent power industrialization project","Previous Page

    
        
    Longteng Prosperity Win-Win Future | Chuanglian 2024 Spring Festival Annual Meeting and 2023 Outstanding Commendation Conference Successfully Successful","Statement on ""Some subjects spread rumors and issued false statements through the Internet and self-media platforms""
        

    
    Next Page","Longteng Prosperity Win-Win Future | Chuanglian 2024 Spring Festival Annual Meeting and 2023 Outstanding Commendation Conference Successfully Successful","Statement on ""Some subjects spread rumors and issued false statements through the Internet and self-media platforms""","On November 30, the building structure of the Chuanglian Power Supply · High-end Intelligent Power Supply Industrialization Project constructed by Feifeng Building was successfully capped, marking a phased victory in the construction of the project, and also laying a foundation for the subsequent secondary structure and initial decoration projects. Solid foundation.","Changzhou Chuanglian Power Technology Co., Ltd. newly built high-end intelligent power supply industrialization project, covering an area of about 40 acres, with a construction area of 54857.8 square meters. The project plans to build several full-automatic intelligent manufacturing production lines, flexible intelligent production lines, SMT patch production lines and AI automatic plug-in production lines, etc. It is planned to establish Chuanglian Intelligent Warehouse (CTU)-automatic intelligent warehouse management system and intelligent manufacturing information system, etc. It is planned to build a world-class high-end intelligent power supply industry center, an industry-leading product research and development center and a verification center.","Chuanglian Power was founded in March 2000. It is a national-level specialized and special new ""little giant"" enterprise and high-tech enterprise integrating R & D, manufacturing, sales and service. The company has two power research and development center teams in Changzhou and Shenzhen, and has set up post-doctoral research workstations to aim at the cutting-edge technology of global switching power supplies and comprehensively enhance the key core technology and independent innovation capability of Chuanglian Power Supply.","The company's products include three series of LED display power supply, industrial control power supply and lighting power supply, with more than 2000 standard models, providing all-round power supply solutions for global customers. Products are used in: LED display, industrial automation, industrial electronic equipment, instrumentation, power, communications, transportation, engineering lighting, new energy and other industries. Products are exported to Europe and the United States, Africa, Latin America, the Middle East, Southeast Asia and other more than 50 countries and regions, favored by customers, annual production and sales of more than 20 million sets.","https://omo-oss-image.thefastimg.com/portal-saas/pg2024041817493912440/cms/image/46609e54-7f7c-437a-9cc7-e344d82da0c6.jpg
https://omo-oss-image.thefastimg.com/portal-saas/pg2024041817493912440/cms/image/46609e54-7f7c-437a-9cc7-e344d82da0c6.jpg
https://omo-oss-image.thefastimg.com/portal-saas/pg2024041817493912440/cms/image/46609e54-7f7c-437a-9cc7-e344d82da0c6.jpg","https://www.haitaik.com/npublic/img/no-img.svg
https://www.haitaik.com/npublic/img/no-img.svg
https://www.haitaik.com/npublic/img/no-img.svg","","https://omo-oss-image.thefastimg.com/portal-saas/pg2024041817493912440/cms/image/491b4708-479a-4e4b-98ce-537542f912dc.png"
"1785828397-17","https://www.haitaik.com/newslist/11.html","","Longteng Prosperity Win-Win Future | Chuanglian 2024 Spring Festival Annual Meeting and 2023 Outstanding Commendation Conference Successfully Successful","On January 31, 2024, the annual meeting of Chuanglian Power 2024 to welcome the Spring Festival and the 2023 excellent commendation meeting was solemnly held in Changzhou. Chuanglian employees and some partners from all over the country gathered together to bid farewell to the year of the Rabbit and welcome the year of the Dragon!","2024","03","02","/","https://omo-oss-image.thefastimg.com/portal-saas/pg2024041817493912440/cms/image/30d2d4b9-4b18-48fc-b648-d6c33e90d6b0.png","Longteng Prosperity Win-Win Future | Chuanglian 2024 Spring Festival Annual Meeting and 2023 Outstanding Commendation Conference Successfully Successful","https://www.haitaik.com/news/43.html","Longteng Prosperity Win-Win Future | Chuanglian 2024 Spring Festival Annual Meeting and 2023 Outstanding Commendation Conference Successfully Successful","Feb 03,2024","Feb 03,2024","On January 31, 2024, the annual meeting of Chuanglian Power 2024 to welcome the Spring Festival and the 2023 excellent commendation meeting was solemnly held in Changzhou. Chuanglian employees and some partners from all over the country gathered together to bid farewell to the year of the Rabbit and welcome the year of the Dragon!","Chuanglian Power Supply, New Year's Meeting, Commendation Meeting","Previous Page

    
        
    None","Chuanglian Power Supply-High-end Intelligent Power Supply Industrialization Project-Xi Feng Jinding!
        

    
    Next Page","None","Chuanglian Power Supply-High-end Intelligent Power Supply Industrialization Project-Xi Feng Jinding!","","","","","https://omo-oss-image.thefastimg.com/portal-saas/pg2024041817493912440/cms/image/46609e54-7f7c-437a-9cc7-e344d82da0c6.jpg
https://omo-oss-image.thefastimg.com/portal-saas/pg2024041817493912440/cms/image/46609e54-7f7c-437a-9cc7-e344d82da0c6.jpg
https://omo-oss-image.thefastimg.com/portal-saas/pg2024041817493912440/cms/image/46609e54-7f7c-437a-9cc7-e344d82da0c6.jpg","https://www.haitaik.com/npublic/img/no-img.svg
https://www.haitaik.com/npublic/img/no-img.svg
https://www.haitaik.com/npublic/img/no-img.svg","",""
